expected_log10	ci_low_log10	ci_high_log10
5.077378807937644	4.510487413297517	6.673949117996707
2.9959572492527395	2.9239039290069475	3.0795518794484553
2.6967312448954495	2.643985044091442	2.753876860086895
2.521242985348626	2.478574874364385	2.5683507412059776
2.396606062750388	2.3590920163253855	2.43676067560584
2.2998772388779685	2.265951887720906	2.3353641978100206
2.2208168275970244	2.190161480488522	2.2535252111449418
2.1539563691024366	2.1253297718129285	2.1839490136907482
2.0960291817407484	2.069496585355751	2.1243208151830753
2.044927034560604	2.0197296145178627	2.0713817539868513
1.9992098484212424	1.975153488445908	2.0241222383247504
1.95785014239009	1.9351052078832756	1.9817831346378192
1.920089066019754	1.8981879295901856	1.9428495955352438
1.8853502172506962	1.8641996103197096	1.9070821796971416
1.8531854698622143	1.8329614163226458	1.87427131430728
1.823239525076918	1.803607610701009	1.8434920766612504
1.7952259208087362	1.7763552965598357	1.8149601318996262
1.7689103231106278	1.750520991856101	1.7879503341635938
1.7440985984178665	1.7261528416315894	1.7625058167834076
1.7206281135559265	1.7032801048122068	1.7386505221657074
1.6983612689552667	1.6813855556716877	1.7158398855351096
1.6771806106424503	1.6605523684398216	1.6941566150748346
1.6569850799370973	1.6408440166322924	1.6736629570531953
1.63768709717196	1.6218445240487351	1.6539233481539466
1.6192102663097352	1.6037973812685493	1.6351882264382929
1.6014875482824613	1.5863342926592792	1.6170730548336725
1.5844597926890676	1.569552386270885	1.5996768577874925
1.5680745466624892	1.5535325346715745	1.5830816709603948
1.552285080398704	1.537960120195061	1.5669601365046184
1.5370495837112297	1.52305450722929	1.551538103371303
1.5223304988100088	1.508528663003134	1.536517478956396
1.5080939624950698	1.494476880979243	1.521994886837688
1.4943093369159817	1.4809807794204082	1.5080537083008514
1.480948812540714	1.4677864571881916	1.4944308853875938
1.467987070396692	1.4549843014296862	1.4812191214894597
1.4554009932727832	1.442653769385839	1.4684997114819764
1.4431694176048804	1.4305669959931941	1.4560370353654828
1.431272919355701	1.418906695147295	1.4440189810637165
1.4196936284484747	1.4074594603795583	1.432225128289497
1.408415067303633	1.3963084308535756	1.420740767184563
1.3974220098165693	1.3855280977633888	1.4096421773368755
1.3867003577476231	1.3749235112065015	1.398728300674807
1.376237032006447	1.3645735475323406	1.3880800381128366
1.3660198767276976	1.3545495031574335	1.3777704013903942
1.3560375743734863	1.3446718452112092	1.3676144700557982
1.3462795703756432	1.3350949963602883	1.3577707688420606
1.3367360060596496	1.3256483587569066	1.3480637145175647
1.327397658781517	1.3164042318334928	1.3385674203389988
1.318255888366415	1.3074287410802419	1.3293495847950567
1.3093025890693775	1.2985631044628791	1.3202469544966087
1.3005301463886856	1.2899477104088992	1.3114035015055459
1.2919313981553302	1.28143074825292	1.3026632373491807
1.2834995994003315	1.273078696770367	1.294094262277539
1.2752283905681328	1.2649529218075313	1.2857593725511822
1.2671117687007867	1.2569109733667385	1.2775123229105796
1.2591440612658555	1.2490161890664453	1.2694179684993698
1.251319902342203	1.2413273079160954	1.2615363981882723
1.2436342109132723	1.2337101233773844	1.2537299358231415
1.2360821710479313	1.226286918031186	1.2461238038573945
1.2286592137752756	1.2189284503363413	1.2385854820909739
1.2213610004825721	1.2116933578700035	1.2311749714801787
1.2141834076852762	1.2046363826453141	1.2239482408204205
1.2071225130352627	1.1976350707144734	1.2167798121486673
1.2001745824483991	1.1907455250913332	1.2097270698774887
1.1933360582456898	1.1840203019649587	1.2028437299643004
1.1866035482137112	1.1773430418513886	1.196010631133986
1.17997381550012	1.1708218890527604	1.1893383798158388
1.1734437692688937	1.164344208506947	1.1827116719236361
1.1670104560477659	1.1579622976278714	1.1761839652063093
1.1606710517072314	1.1517253936265148	1.1698055559031149
1.1544228540165915	1.1455260193924404	1.1634664778839479
1.1482632757279345	1.1394649833634807	1.1572697638373088
1.1421898381437425	1.1334379829487322	1.1511087306778518
1.1362001651281084	1.127493961134412	1.145033377423239
1.1302919775253428	1.1216791948718283	1.139090951675977
1.1244630879531659	1.115893806162472	1.133179343288614
1.1187113959407111	1.1101849117673046	1.1273466693448355
1.1130348833843051	1.1045971639481211	1.121638504985813
1.1074316102964101	1.0990347427806584	1.1159569311692124
1.1018997108253343	1.0935885400863385	1.1103947544188921
1.0964373895252648	1.0881652564691728	1.1048566573704093
1.0910429178579717	1.0828092377372367	1.0993879032173983
1.0857146309091261	1.0775626540469219	1.0940315131659852
1.0804509243036238	1.0723357484779483	1.0886958244395657
1.075250251305616	1.0671713479866372	1.0834245367857946
1.0701111200901294	1.0621102537560418	1.0782592634724866
1.0650320911742392	1.057065988229093	1.0731117228252516
1.0600117749967222	1.0521212694874598	1.0680663036757925
1.0550488296360125	1.0471916715494114	1.0630368385601254
1.050141958657085	1.042317701705461	1.0580646407135494
1.0452899090786163	1.0375380591153265	1.0531891625308856
1.0404914694524583	1.032771220368342	1.048327226386991
1.0357454680480538	1.0280564130968066	1.0435188296644553
1.0310507711349877	1.0234311711444337	1.0388022273587503
1.026406281357379	1.018816678189404	1.0340970288830422
1.0218109361942824	1.014288807094477	1.0294805819047055
1.01726370650069	1.0097704449804166	1.024874248866566
1.012763595124132	1.0052988533314098	1.0203160063813566
1.008309635592215	1.0009097677377234	1.0158422624845551
1.0039008908667815	0.996528498414857	1.0113768722786856
0.9995364521606733	0.9922271805640317	1.0069933421697153
0.9952154378133595	0.9879326538781614	1.0026171000546011
0.9909369922219505	0.9836803964064387	0.998284290645318
0.9867002848243567	0.9795045045547948	0.9940296392857443
0.9825045091315675	0.97533399996766	0.9897808168172996
0.9783488818062319	0.9712033678038923	0.985572948541375
0.9742326417849066	0.967145788615001	0.9814398200251127
0.9701550494415112	0.9630923382862698	0.9773112129013961
0.9661153857896918	0.9591098729708647	0.9732552124773254
0.9621129517219409	0.9551307707959703	0.9692029380338611
0.9581470672834588	0.9511879783308007	0.9651879358618423
0.9542170709788714	0.9473132523382842	0.9612425311212
0.950322319110036	0.9434408362381282	0.9572997584952277
0.9464621851432763	0.9396028158446575	0.9533922812739366
0.9426360591044919	0.9358301489841774	0.9495516054460973
0.9388433470006817	0.9320588432979114	0.9457125766487496
0.9350834702665082	0.9283511891956452	0.941938595790337
0.9313558652346134	0.9246443167947509	0.9381656603785874
0.9276599826284748	0.9209689720337674	0.934425059738698
0.9239952870766578	0.9173548656835687	0.9307470216846607
0.9203612566473923	0.9137407412044963	0.9270691988503507
0.916757382402461	0.9101863371069098	0.9234523756891612
0.9131831679694449	0.9066314253976334	0.9198352597300146
0.9096381291314279	0.9031055177456755	0.916247875223296
0.9061217934333127	0.8996371725102585	0.9127192693319156
0.902633699803945	0.8961676428528478	0.9091896682831173
0.8991733981932939	0.8927257452124014	0.9056883840038892
0.8957404492239718	0.8893393872963649	0.902243797287205
0.8923344238564184	0.8859512317748026	0.8987975791545022
0.8889549030671151	0.8826173386068334	0.8954067447544092
0.8856014775392198	0.8792812716382084	0.8920138886160076
0.8822737473650568	0.875970758197469	0.888647207161549
0.8789713217599172	0.872712684510885	0.8853340353634389
0.8756938187866596	0.8694519156963083	0.8820183009527887
0.8724408650906248	0.866215563387011	0.8787275699462891
0.869212095644404	0.863029935160117	0.8754885850657618
0.866007153502026	0.8598411383481033	0.8722465463853999
0.8628256895621473	0.8567019784207239	0.8690551366129238
0.8596673623398543	0.8535593589177668	0.86586037115825
0.8565318377467013	0.8504394236830356	0.8626888254405084
0.8534187888786345	0.8473675690113733	0.8595663097585777
0.8503278958114618	0.84429185089133	0.856440019403095
0.8472588454035495	0.8412632252060454	0.8533617442029058
0.8442113311054416	0.8382304876584886	0.8502794366105015
0.8411850527761136	0.8352188802292118	0.8472187492804167
0.8381797165055824	0.8322529481174745	0.844204621986772
0.8351950344436125	0.8292825591507653	0.8411861043703248
0.8322307246342691	0.8263324428442947	0.8381883248982491
0.8292865108560776	0.8234266599698709	0.8352357279972221
0.826362122467567	0.820516106249086	0.8322784149806468
0.8234572942579761	0.8176490315813654	0.8293654077114163
0.8205717663029224	0.8147769928093992	0.8264474837868729
0.8177052838248325	0.8119239100363668	0.8235489439805506
0.8148575970579484	0.8091130777144836	0.8206934493346008
0.8120284611177312	0.8062970127823127	0.8178327593778894
0.809217635874492	0.8034991741375638	0.8149907033909451
0.8064248858310841	0.8007424189298327	0.8121904954919967
0.8036499800045036	0.7979801866810662	0.8093848385685607
0.80089269181125	0.795258292962259	0.8066202658076961
0.7981527989563	0.7925307717691669	0.8038500878489352
0.7954300833255642	0.7898203516528193	0.8010973875306788
0.7927243308816931	0.7871491963026497	0.7983846704310532
0.7900353315631087	0.7844722045407881	0.7956661311797815
0.7873628791861428	0.7818337911738807	0.7929868715490409
0.7847067713501679	0.7791894128651933	0.7903016562740748
0.7820668093456115	0.7765611115363629	0.787632866654109
0.77944279806475	0.7739703978493643	0.78500234124119
0.7768345459151802	0.7713735408186932	0.7823656748447013
0.7742418647358744	0.7687921895679667	0.7797448475348654
0.7716645697157266	0.7662474807153773	0.7771613158915756
0.7691024793145007	0.7636964663961037	0.7745714747750738
0.7665554151860972	0.761181488976268	0.7720183090234797
0.7640232021040569	0.758660106508205	0.7694587302700646
0.7615056678892247	0.7561533437648372	0.7669140809831703
0.7590026433394957	0.7536817421232069	0.7644052100214973
0.756513962161577	0.7512035974671505	0.7618897825664781
0.7540394609046913	0.748739576625548	0.7593887756294138
0.7515789788961604	0.7463098793329417	0.7569226893404987
0.7491323581788013	0.7438735139855827	0.7544499164397693
0.7466994434500773	0.7414709346431149	0.7520115138267043
0.7442800820029438	0.7390616106471634	0.749566344851345
0.7418741236683317	0.7366656387102055	0.7471348045705378
0.7394814207592166	0.7343026738327797	0.7447368372001085
0.7371018280162189	0.731932858507139	0.7423319932563927
0.7347352025546876	0.7295759619458085	0.7399403335681132
0.7323814038132169	0.7272513259071727	0.7375814827463242
0.730040293503551	0.7249197439565829	0.7352156558244778
0.7277117355618319	0.7226199425626199	0.732882146630244
0.725395596101147	0.7203131370247124	0.7305416005804064
0.7230917433653359	0.7180185739470226	0.7282135452695544
0.7208000476840146	0.7157550947440348	0.7259170949038979
0.7185203814287822	0.7134845313599629	0.7236135241073192
0.7162526189705691	0.7112446034839859	0.721341099601735
0.7139966366380942	0.708997542788262	0.7190615038283983
0.7117523126773949	0.7067621000202824	0.7167937585708986
0.7095195272123977	0.7045566413090396	0.7145564933109139
0.7072981622064973	0.7023439832125243	0.712311987135122
0.7050881014251126	0.7001425908118681	0.7100789704831975
0.702889230399192	0.6979705561764755	0.7078757933874464
0.7007014363896366	0.6957912628525915	0.7056653132347647
0.6985246083526151	0.6936409236204748	0.7034842599072686
0.696358636905745	0.6914832899703982	0.7012958660301071
0.6942034142951113	0.6893363698770719	0.6991183959397126
0.6920588343631007	0.6872178165042818	0.6969697522129816
0.6899247925170251	0.6850919202961847	0.6948137170467067
0.6878011856985132	0.6829764254633544	0.6926682858716515
0.6856879123536462	0.6808887316999694	0.6905511029039818
0.683584872403817	0.6787936525645571	0.688426483684243
0.6814919672172908	0.676726009405064	0.6863297395603549
0.6794090995814486	0.6746509555963883	0.6842255324937123
0.6773361736756928	0.6725858126446546	0.6821314270480472
0.675273095044996	0.6705475737203193	0.6800646531431825
0.6732197705740754	0.6685018904410494	0.6779903806086528
0.6711761084621752	0.6664827675704033	0.6759430885471381
0.6691420181984391	0.6644561805777252	0.6738882768589055
0.6671174105378561	0.6624390478357751	0.671843099279376
0.6651021974777667	0.6604479744496413	0.6698243903270371
0.663096292234909	0.6584494109973078	0.6677981340809546
0.6610996092229944	0.6564600426825559	0.6657812466973265
0.6591120640307949	0.6544962499947358	0.6637903338706693
0.6571335734007313	0.6525249455001286	0.6617918504264781
0.6551640552079453	0.650578903781657	0.6598190220417839
0.6532034284398448	0.6486253379600325	0.6578386097615054
0.6512516131761085	0.6466805587238414	0.6558671482058056
0.6493085305691384	0.6447605855371356	0.653920875338867
0.6473741028249469	0.642833072832985	0.6519670017888424
0.6454482531844682	0.6409141143977393	0.6500218412433421
0.643530905905282	0.639019520466067	0.648101418584912
0.6416219862437387	0.6371173750325463	0.646173381999595
0.6397214204374766	0.6352393082118679	0.6442697914536538
0.6378291356883184	0.6333536836884007	0.64235858000041
0.6359450601455406	0.631476246421088	0.6404557060741871
0.6340691228895025	0.6296224699417227	0.6385768517078154
0.6322012539156282	0.6277611289414312	0.6366903685280317
0.630341384118732	0.6259231780179592	0.634827628622507
0.6284894452776764	0.6240776596014738	0.6329572562592107
0.6266453700403578	0.6222399845611508	0.6310948696935518
0.624809091909008	0.62042530370269	0.6292558224020478
0.6229805452258061	0.6186030530878758	0.6274091394527364
0.6211596651587918	0.6167884497172766	0.6255702417286472
0.6193463876880725	0.6149964570106933	0.6237542919630623
0.6175406495923171	0.6131968947560517	0.6219307058935064
0.6157423884355305	0.6114196944335502	0.6201298140219902
0.613951542554099	0.6096349259830529	0.6183212867404049
0.6121680510441035	0.6078574940355412	0.6165202269630683
0.6103918537488905	0.6061020599142363	0.6147414899578998
0.6086228912468976	0.6043390615979563	0.6129551207454017
0.6068611048397252	0.6025832222529701	0.6111760375490385
0.6051064365404493	0.6008490276081451	0.6094189169468085
0.6033588290621695	0.5991072747224808	0.6076541694287024
0.6016182258067864	0.5973869373023193	0.6059111507173724
0.5998845708540033	0.5956590466529064	0.6041605096956819
0.598157808950546	0.5939380332467437	0.6024168667313224
0.5964378854995969	0.5922380994364351	0.6006946100696864
0.5947247465504361	0.5905306213959831	0.5989647395363396
0.5930183387882878	0.5888298593874769	0.5972417023104903
0.5913186095243643	0.5871498508857356	0.5955397188986116
0.5896255066861036	0.5854623088044036	0.5938301317607662
0.587938978807598	0.5837953083620739	0.5921413824332569
0.586258975020207	0.5821207822862613	0.5904450370187724
0.5845854450433502	0.5804527160246281	0.5887552631113897
0.5829183391754789	0.578804880714352	0.5870860102936442
0.5812576082852188	0.577149532907189	0.5854091741049896
0.5796032038026817	0.5755142140862183	0.5837526531394575
0.5779550777109428	0.5738713922670118	0.5820885580473975
0.5763131825376775	0.5722347884382815	0.5804307874172354
0.5746774713469578	0.5706179172805349	0.5787930300006034
0.5730478977312006	0.5689935584487132	0.5771477134358582
0.5714244158032683	0.5673752789019038	0.5755085796538655
0.5698069801887149	0.5657764438816489	0.5738891654376317
0.5681955460181769	0.5641701376954537	0.5722622082764643
0.5665900689199049	0.5625830885783052	0.5706547796614203
0.564990505012432	0.5609885798977223	0.5690398195221475
0.5633968108973773	0.559399929551645	0.5674308165109316
0.5618089436523812	0.5578302610341599	0.5658410616014177
0.5602268608241686	0.5562531512390794	0.5642437932103352
0.5586505204217385	0.5546817728748501	0.5626523523603235
0.5570798809096764	0.5531291084473794	0.5610798866853677
0.5555149012015885	0.5515690219881627	0.5594999265652283
0.5539555406536512	0.5500274750556604	0.557938763948403
0.5524017590582786	0.5484785193998196	0.5563701200728899
0.5508535166379014	0.5469350927623844	0.5548070970745889
0.5493107740388569	0.5454099493845312	0.5532626105433065
0.5477734923253866	0.54387741796681	0.551710663278412
0.5462416329737404	0.5423630028938867	0.5501770824745168
0.5447151578663835	0.5408412139838796	0.5486360550499212
0.5431940292863058	0.5393247622215742	0.5471004526348998
0.5416782099114297	0.5378261814451659	0.545582966799765
0.5401676628091155	0.5363202487699766	0.5440580561691816
0.5386623514307625	0.534819542817617	0.5425384578378556
0.537162239606502	0.533336468720364	0.5410367325734202
0.5356672915399836	0.5318460653364433	0.5395276050373148
0.5341774718032491	0.5303731379504069	0.5380361918681973
0.5326927453316952	0.5288928966778724	0.53653739178165
0.531213077419121	0.5274177056559215	0.535043723892711
0.529738433712861	0.525959761377765	0.5335675369548606
0.5282687802089989	0.5244945268275685	0.5320839866631443
0.5268040832476636	0.5230342408476537	0.5306054648105747
0.5253443095084023	0.5215909780049086	0.5291441962658071
0.5238894260056333	0.5201404490399724	0.5276755884865435
0.5224394000841739	0.5187067973813926	0.5262240855637901
0.5209941994148413	0.5172658959522537	0.5247652597484916
0.5195537919901287	0.5158297804148131	0.5233112963891217
0.5181181461199516	0.514410327545678	0.5218742194088876
0.5166872304274642	0.5129836498473669	0.5204298444778862
0.5152610138449447	0.5115734947830773	0.5190022133982958
0.5138394656097482	0.5101561317291825	0.5175673012171476
0.5124225552603253	0.5087433997848018	0.5161370935889656
0.5110102526323054	0.5073469842921816	0.5147234199751315
0.5096025278546432	0.5059433864290478	0.5133024909065383
0.5081993513458288	0.5045443303364117	0.511886175261224
0.506800693810157	0.5031613893590334	0.5104861887439649
0.5054065262340577	0.5017712919874473	0.5090789727908167
0.5040168198824844	0.5003971782996102	0.5076879522272164
0.5026315462953609	0.4990159256920511	0.5062897197382469
0.501250677284084	0.49763907167974575	0.5048959546440096
0.4998741849280816	0.49627800772655967	0.5035181879309577
0.4985020415714256	0.4949098313498601	0.5021332358537006
0.49713421981949757	0.493545970845813	0.5007526668093758
0.4957706925357075	0.49219771120131417	0.4993879036575719
0.49441143283826294	0.4908423659000416	0.49801598198541785
0.4930564140969894	0.4895024978825818	0.4966597404911025
0.49170560993019996	0.48815556216372225	0.4952963584894494
0.49035899420161316	0.4868128096170423	0.493937224205235
0.4890165410173184	0.48548535220563205	0.49259358481108323
0.4876782247227891	0.4841508542471975	0.49124283215935816
0.48634401989994025	0.4828315324149647	0.48990745334634367
0.4850139013642323	0.48150518822462984	0.48856497953372835
0.48368784416181865	0.48018290053727675	0.4872266242901321
0.48236582356673646	0.47887561350279095	0.4859034644134407
0.48104781507814076	0.4775613315806546	0.48457323711901756
0.47973379441757924	0.47625103286380666	0.4832470536689861
0.4784237375263093	0.474955563164141	0.48193589103210344
0.4771176205626553	0.4736531262057612	0.48061768872652166
0.4758154198994041	0.47236540606820654	0.4793143931382248
0.47451711212124165	0.47107073714273273	0.478004076436439
0.47322267402222595	0.46977993366738835	0.47669768354336406
0.47193208260329866	0.4685036815035914	0.47540602906781815
0.47064531506983265	0.46722050839747004	0.4741073814573978
0.46936234882921735	0.46594113254192093	0.4728125881421321
0.4680831614884775	0.4646761460146648	0.4715323685436642
0.46680773085192884	0.4634042664945386	0.47024518389972775
0.46553603491886664	0.4621466703658009	0.4689724652657443
0.46426805188128906	0.4608821998998046	0.4676928003386359
0.4630037601216531	0.45962141702608594	0.46641687794618175
0.4617431382106633	0.45837476119550113	0.4651552626139095
0.46048616490509187	0.4571212591103904	0.46388672922148433
0.45923281914563163	0.4558713810540966	0.46262187358772566
0.45798308005477806	0.4546354769393264	0.46137116937743006
0.45673692693474327	0.4533927547107801	0.4601135754034657
0.45549433926539923	0.4521639062502338	0.4588700310274123
0.4542552967022497	0.45092825843491174	0.4576196157531745
0.45301977907443236	0.4496961323613665	0.45637277400873827
0.451787766382748	0.44847773214802134	0.45513983152493276
0.45055923879771836	0.44725256078400666	0.4539000465108515
0.44933417665767117	0.44604101847870925	0.45267406237223257
0.4481125604668519	0.4448227238109626	0.4514412546029902
0.4468943708935621	0.4436078528714157	0.4502119205002365
0.44567958876832436	0.44240646802362166	0.44899624197627996
0.4444681950820717	0.4411983590430215	0.44777376822200066
0.4432601709843631	0.4399936169040937	0.4465547101790851
0.44205549778162345	0.43880222074124264	0.4453491653268263
0.44085415693540797	0.4376041286740705	0.44413685364697353
0.4396561300606904	0.43641929084294506	0.4429379619357055
0.4384613989241743	0.4352277758939931	0.44173232230114
0.4372699454426289	0.43403953613030577	0.4405300050075055
0.43608175168124635	0.43286441505545536	0.43934096995400707
0.4348967998520217	0.43168264506440507	0.4381452153582494
0.4337150723121551	0.43050409702218645	0.43695272887584635
0.4325365515624764	0.42933853476045747	0.435773389596414
0.4313612202458892	0.4281663517542507	0.434587359128479
0.43018906114583777	0.4270070674728258	0.4334143874187893
0.42902005718479364	0.42584118118060654	0.43223474337678347
0.4278541914227627	0.42467843099993596	0.43105828001962876
0.4266914470558124	0.4235284508676476	0.42989474469907685
0.4255318074146184	0.42237189682566045	0.4287245653330692
0.4243752559630306	0.4212280285280816	0.4275672283648543
0.4232217762966587	0.42007760499938873	0.426403266154468
0.4220713521414757	0.41893023513307626	0.42524240065936314
0.42092396735244025	0.41779542637275846	0.4240942509576324
0.4197796059121376	0.41665409038823364	0.4229395042093108
0.4186382519294373	0.4155157601228035	0.4217878053525192
0.4174998896381696	0.4143898686607238	0.42064869806604216
0.4163645033958186	0.41325747791456025	0.4195030218631899
0.41523207768223236	0.4121374458139948	0.4183698558189848
0.4141025970983504	0.4110109329896351	0.41723013954589516
0.41297604636494656	0.40988734849591596	0.4160933923603133
0.4118524103213894	0.4087760040962239	0.41496903493422516
0.410731673924418	0.40765820678622583	0.41383815528464285
0.4096138222469331	0.40654329277646634	0.4127101988716966
0.40849884047680457	0.40544050248077157	0.41159451403265845
0.4073867139156938	0.4043312870037515	0.41047233489178214
0.4062774279778908	0.4032341189378098	0.4093623498424006
0.40517096818916654	0.40213054410104426	0.40824588903029335
0.40406732018564	0.4010297798310277	0.4071322774011082
0.402966469712659	0.3999409500823899	0.40603074523516414
0.4018684026236955	0.39884574113841526	0.4049227650755393
0.4007731048792552	0.39776239268537633	0.4038267892128291
0.39968056254580003	0.3966726833404009	0.40272438378884373
0.398590761794685	0.3955857145493623	0.4016247562699385
0.39750368890110765	0.39451049669878085	0.400537021822724
0.39641933024307113	0.39342894536395673	0.39944288541581885
0.3953376723003601	0.3923500938027577	0.3983514853994699
0.394258701653529	0.3912828855671886	0.3972718692020375
0.3931824049829032	0.3902093711481638	0.39618587853956594
0.3921087690675927	0.38914742946020625	0.395111600030863
0.39103778078451706	0.3880791997026085	0.3940309652999183
0.38996942710744364	0.38701360378445265	0.3929529998423408
0.3889036951060367	0.3859594760973858	0.3918866404595396
0.387840571944918	0.3848990874542084	0.39081395216149073
0.3867800448827401	0.38384129422294916	0.3897438940221387
0.38572210127126944	0.3827948665297437	0.38868533771951863
0.38466672855448136	0.3817422048765039	0.38762047969077734
0.38361391426766633	0.38070084137410454	0.3865670551013718
0.38256364603654625	0.3796532618171814	0.3855073468195716
0.38151591157640175	0.3786082155059851	0.384450205422187
0.3804706986912105	0.37757436756241125	0.38340439619044897
0.37942799527279475	0.37653433035731954	0.38235233025135307
0.37838778929998024	0.37549679014574117	0.3813027943003093
0.37735006883776445	0.37447035020775066	0.38026449096191717
0.37631482203649486	0.3734377476753049	0.3792199577744759
0.37528203713105723	0.372416181027573	0.3781865918565622
0.3742517024400732	0.37138846946748655	0.37714701389852284
0.3732238063651077	0.37036319622109165	0.3761099062091864
0.37219833738988556	0.369348863487482	0.37508386900902824
0.371175284079517	0.36832841229282987	0.37405164640976385
0.370154635079733	0.36731883899738615	0.37303043076473064
0.3691363791161292	0.36630316477710523	0.37200304738248235
0.36812050499341803	0.3652898722378699	0.37097807663661914
0.3671070015946909	0.36428736483871005	0.3699640187256881
0.3660958578806881	0.3632787827437418	0.36894381949441535
0.3650870628890768	0.3622725492752896	0.3679259992631449
0.36408060573373874	0.3612770097062083	0.3669189992938343
0.36307647560406475	0.36027542153416237	0.3659058842836294
0.36207466176425823	0.35928446734311553	0.364903528745205
0.36107515355264674	0.35828748184369247	0.36389507558395284
0.3600779403810007	0.35729279142077924	0.36288894693251705
0.3590830117338605	0.35630864618770375	0.36189348767427293
0.3580903571678715	0.3553184955082636	0.3608919568395511
0.3570999663111261	0.3543306086338613	0.3598927186955147
0.35611182886251325	0.3533531795825883	0.3589040613165033
0.35512593459107605	0.35236977080629345	0.3579093582652077
0.35414227333537573	0.3513967624631668	0.3569251777632367
0.3531608350028637	0.3504177914400183	0.35593496875484093
0.3521816095692597	0.3494410335349579	0.3549470008646218
0.3512045870779379	0.34847459099576095	0.3539694692366822
0.35022975763931935	0.3475022112605654	0.35298593476657397
0.34925711143027116	0.3465400910024619	0.3520127798714026
0.34828663869351284	0.34557205043426503	0.35103363913901203
0.34731832973702886	0.3446061739833916	0.3500566896703087
0.34635217493348786	0.3436504741539676	0.3490900357410992
0.3453881647196684	0.34268887925801095	0.3481174213956181
0.34442628959589094	0.3417294198415765	0.34714696917812465
0.3434665401254563	0.3407800554783517	0.3461867297752317
0.34250890693408986	0.33982482114655527	0.3452205552296176
0.34155338070939256	0.33887962826430623	0.34426453913745864
0.3405999522002971	0.3379285820410265	0.34330260464598944
0.3396486122165311	0.3369796248428651	0.3423427850220133
0.33869935162808495	0.33604062960617676	0.3413930432440074
0.3377521613646865	0.335095805882184	0.34043740809289885
0.3368070324152811	0.3341530440209226	0.3394838601764219
0.3358639558275168	0.3332201658446319	0.33854031073162366
0.334922922707236	0.33228148388731554	0.33759089279051274
0.33398392421797196	0.331352634161798	0.33665142114877344
0.3330469515804508	0.330417997021157	0.3357060974890424
0.3321119960720994	0.3294853776619382	0.3347628162203846
0.33117904902655776	0.32856251421675425	0.3338294038703396
0.33024810183319725	0.3276338878160714	0.3328901641290766
0.3293191459366437	0.3267149671562597	0.33196074243680634
0.3283921728363056	0.3257902997423007	0.33102550966479477
0.32746717408590753	0.3248676074298793	0.3300922758673454
0.32654414129302833	0.32395454642811417	0.3291687846590589
0.32562306611864406	0.32303576288425984	0.32823950674672026
0.3247039402766761	0.3221189294683534	0.32731220240490844
0.3237867555335441	0.32121165403327545	0.3263945663121854
0.322871503707723	0.32029868011925894	0.3254711677400317
0.3219581766693055	0.319395215965998	0.32455738853485283
0.3210467663395686	0.3184860692709477	0.3236378628936593
0.32013726469054476	0.3175788321458175	0.3227202695667236
0.3192296637445979	0.31668103323214986	0.32181222307845964
0.3183239555740032	0.31577757559162567	0.32089845412687745
0.31742013230053184	0.3148760037788439	0.31998659333905277
0.3165181860950398	0.3139837996667652	0.31908420791829734
0.3156181091770608	0.31308596049375653	0.31817612385562033
0.31471989381440374	0.31219744264471344	0.3172774681534624
0.3138235323227541	0.31130330540746787	0.3163731295843287
0.3129290170652796	0.31041101542363186	0.31547065994176376
0.31203634045223955	0.30952797793434217	0.314577548898742
0.31114549494059873	0.308639344474795	0.31367877855827087
0.3102564730336448	0.30775991823274	0.31278932092957246
0.3093692672806098	0.3068749115282139	0.31189421961080566
0.3084838702762956	0.3059917146771293	0.3110009491765148
0.3076002746607028	0.3051176578371341	0.31011692334419066
0.30671847311866396	0.3042380437051672	0.309227277139875
0.3058384583794799	0.30336021751856324	0.3083394395359917
0.3049602232165602	0.30249146508409286	0.30746077938806887
0.30408376044706714	0.30161717837994795	0.30657652203560404
0.3032090629315631	0.3007519218324993	0.30570139796202356
0.30233612357366163	0.29988114626020146	0.30482069202397577
0.3014649353196822	0.29901212301564717	0.3039417584576656
0.30059549115830797	0.2981520652039157	0.30307189258575873
0.29972778412024736	0.2972865111435668	0.30219646776661563
0.2988618072778989	0.296422688538765	0.3013227940889562
0.297997553745019	0.2955677675394497	0.30045812343315254
0.2971350166763942	0.2947073729205741	0.2995879165976283
0.296274189267515	0.29385583790303355	0.2987266702254668
0.295415064754254	0.2929988442495707	0.29785990274799173
0.2945576364125475	0.2921435481050985	0.2969948518830431
0.29370189755807935	0.2912970491879414	0.296138698287079
0.2928478415459678	0.2904451140197867	0.2952770461049058
0.29199546177045693	0.28959485646013855	0.2944170902932576
0.29114475166460935	0.2887533346029557	0.293565969419855
0.2902957047000029	0.2879063987338333	0.29270937233087757
0.2894483143864299	0.2870681580702295	0.2918615691545593
0.2886025742715997	0.2862245181194774	0.29100830457358273
0.28775847794084364	0.28538252339905584	0.29015670342900995
0.28691601901682345	0.28454916373645905	0.28931383526692533
0.2860751911592419	0.28371042678406055	0.2884655278246912
0.2852359880645563	0.28288028529423836	0.2876259132563393
0.2843984034656956	0.28204478107904196	0.28678087405543445
0.2835624311317791	0.2812108906473804	0.2859374663036789
0.2827280648678381	0.28038553686282097	0.2851026918504078
0.2818952985145411	0.2795548421102464	0.2842625146445995
0.28106412594792074	0.27872574269524736	0.2834239501246615
0.28023454107910317	0.2779051218908723	0.28259396011993093
0.27940653785404096	0.27707918173263185	0.2817585890967539
0.27858011025324786	0.27626168197237977	0.28093175388613334
0.27775525229153625	0.27543887716857685	0.2800995520456953
0.27693195801775655	0.27461763767334485	0.279268932344878
0.27611022151454057	0.27380478180384804	0.2784467909588444
0.27529003689804554	0.2729866422679724	0.2776193044354852
0.2744713983177017	0.27217005042022113	0.27679338212735666
0.27365429995596147	0.27136178616550055	0.27597588138818174
0.27283873602805225	0.2705482594802826	0.2751530568600872
0.2720247007817297	0.2697430234880859	0.2743386165329237
0.2712121884970349	0.26893253912495235	0.27351886654974294
0.2704011934860531	0.26812357375501183	0.2727006515910271
0.26959171009267474	0.2673228442461173	0.27189076530822415
0.2687837326923588	0.2665168873684943	0.27107559047940377
0.2679772556918983	0.2657191302386253	0.27026870775832695
0.26717227352918776	0.2649161596447439	0.2694565504661162
0.2663687806729937	0.26411468014298917	0.2686458998139911
0.26556677162272596	0.26332134672019025	0.26784348692712895
0.26476624090821166	0.26252282060409365	0.2670358203428444
0.2639671830894721	0.2617257691994067	0.26622964373352004
0.2631695927565002	0.2609368108857537	0.2654316512391772
0.2623734645290411	0.2601426805116327	0.2646284257803152
0.26157879305637427	0.25935660832374324	0.2638333490968294
0.2607855730170979	0.2585653777353996	0.26303305317383846
0.25999379911891496	0.25777559516825543	0.26223422007098335
0.25920346609842115	0.25699381890562534	0.26144348321774064
0.2584145687208953	0.25620690464754825	0.2606475476251586
0.2576271017800914	0.2554214227358104	0.25985305890422195
0.2568410600980318	0.2546438958946682	0.25906661456563285
0.25605643852480386	0.25386125132744536	0.2582749918492386
0.25527323193835677	0.2530865280757693	0.2574913793443282
0.2544914352443011	0.25230670051731874	0.25670260194061006
0.2537110433757102	0.25152827975707037	0.25591524541299376
0.25293205129292307	0.25075773013130764	0.2551358482997861
0.2521544539833488	0.24998209624412868	0.25435130642027765
0.2513782464612734	0.24921430042667753	0.25357469048594455
0.250603423767668	0.24844143361880577	0.25279294311261674
0.24982998096999828	0.24766994874189255	0.25201259131074844
0.24905791316203674	0.24690625277487271	0.2512401156949794
0.24828721546367558	0.24613750564123968	0.2504625285460478
0.24751788302074143	0.24537012582701465	0.24968632209902056
0.2467499110048124	0.24461048636124896	0.24891794268720976
0.24598329461303597	0.24384581542087805	0.24814447151315625
0.2452180290679486	0.24308885282628706	0.24737879498455695
0.2444541096172975	0.24232687179417692	0.24660803978159404
0.24369153153386333	0.24156623425469667	0.245838641031277
0.24293029011528477	0.24081325747273363	0.24507698876458245
0.24217038068388416	0.24005528172771864	0.24431027737166724
0.24141179858649572	0.23929863547099356	0.24354490817761373
0.2406545391942941	0.2385496029539723	0.24278723788508558
0.2398985979026249	0.23779559081899548	0.24202452788192558
0.239143970130837	0.23704916143350815	0.24126948541947518
0.23839065132211582	0.23629776523755824	0.24050941609902968
0.23763863694331794	0.23554767568668325	0.23975066572534434
0.23688792248480806	0.234805122795519	0.2389995362533747
0.23613850346029636	0.2340576222255468	0.2382433991201758
0.23539037540667734	0.23331762793388983	0.23749485214656432
0.234643533883871	0.2325726986296825	0.23674131021951572
0.2338979744746644	0.23182905371476262	0.2359890645824188
0.23315369278455464	0.23109286988960728	0.2352443633817335
0.23241068444159393	0.2303517699727002	0.23449468620805186
0.23166894509623528	0.22961194135806523	0.2337462920001412
0.23092847042117953	0.2288795291732271	0.23300539704257422
0.23018925611122432	0.22814221969210605	0.23225954496380002
0.2294512978831136	0.22741229719753667	0.23152116234653283
0.22871459147538856	0.22667748985051664	0.23077783508751515
0.22797913264824046	0.2259439324491798	0.23003576904826661
0.22724491718336376	0.22521771823483192	0.22930112815872344
0.2265119408838114	0.22448663775682148	0.22856156126691518
0.2257801995738503	0.22375679466280443	0.2278232428026292
0.22504968909881903	0.22303425146102793	0.22709230568916466
0.22432040532498637	0.22230686046155976	0.22635646108667629
0.22359234413941037	0.22158674080705126	0.2256279689565181
0.22286550144979997	0.22086178558071692	0.22489458159276168
0.22213987318437636	0.22013804723358055	0.2241624217727637
0.22141545529173626	0.2194215377586443	0.22343757146136453
0.2206922437407165	0.21870021097537093	0.2227078442213392
0.21997023452025916	0.21798008900742646	0.22197933223658475
0.21924942363927788	0.21726715392135448	0.2212580872868314
0.21852980712652603	0.21654941967013713	0.22053198358960735
0.21781138103046513	0.2158388446097488	0.2198131189188081
0.21709414141913444	0.21512348239659992	0.21908940753621872
0.21637808438002226	0.2144093053014937	0.2183668913419639
0.21566320601993777	0.21370224619268585	0.21765157249885
0.21494950246488365	0.21299041787603798	0.21693142492086298
0.21423696985993068	0.21228568037053008	0.21621844720953826
0.2135256043690925	0.21157618553844193	0.21550065266388324
0.2128154021752015	0.21086785661050783	0.2147840337282894
0.2121063594797865	0.21016657805343256	0.2140745437604512
0.2113984725029503	0.20946055991904727	0.2133602547334666
0.21069173748324913	0.20875569637978625	0.21264712979111092
0.20998615067757237	0.20805784321987167	0.21194109337348654
0.20928170836102403	0.20735526811572863	0.21123027555198484
0.2085784068268046	0.2066596770122701	0.2105265195798365
0.2078762423860936	0.20595937563964015	0.20981799389156236
0.20717521136793426	0.20526021038984568	0.2091106134588014
0.20647531011911785	0.20456798988057068	0.20841025517525077
0.20577653500406942	0.2038710765437525	0.20770514463310713
0.20507888240473482	0.20317528845458807	0.2070011682591079
0.20438234872046815	0.20248640627536063	0.20630417477053092
0.20368693036792	0.20179284859654964	0.20560244636336367
0.20299262378092722	0.2011061712114564	0.20490767494067963
0.20229942541040322	0.20041482980009426	0.20420818007858066
0.20160733172422857	0.1997245958685106	0.203509801266427
0.20091633920714363	0.19904120410035622	0.20281834088624703
0.20022644436064124	0.19835316544661216	0.20212217421285583
0.19953764370286015	0.1976719438000593	0.2014329005376837
0.19884993376847995	0.19698608661742442	0.20073893192027475
0.19816331110861646	0.19630131956905084	0.20004606166048763
0.19747777229071745	0.1956233320793384	0.19936004653882983
0.19679331389846041	0.19494072600955312	0.1986693534297815
0.19610993253164988	0.19425919985833956	0.19797974825599074
0.19542762480611636	0.19358441621791292	0.19729696076713207
0.19474638735361546	0.19290503084379845	0.19660951213200992
0.1940662168217285	0.1922323635353243	0.19592885647023886
0.19338710987376342	0.19155510564811787	0.1952435508113633
0.19270906318865622	0.19087891098290735	0.1945593160491614
0.19203207346087403	0.19020939798890105	0.193881837470699
0.19135613740031826	0.18953531108200292	0.1931997255487627
0.1906812517322283	0.1888622775614165	0.19251867448370277
0.19000741319708678	0.18819588970171758	0.19184434320283447
0.18933461855052508	0.18752494448781193	0.1911653951206994
0.18866286456322917	0.18686062117139035	0.1904931428034659
0.18799214802084718	0.1861917514655468	0.1898162846363867
0.18732246572389674	0.18552391906701787	0.1891404709089185
0.18665381448767346	0.18486267318230437	0.18847131718310922
0.18598619114216017	0.18419689729040487	0.18779757396595723
0.18531959253193675	0.18353768456071992	0.18713046714930814
0.1846540155160904	0.18287395267201567	0.1864587816712166
0.18398945696812719	0.18221124238247255	0.18578812458811644
0.18332591377588384	0.18155506048211847	0.18512406876228568
0.1826633828414399	0.18089437563106586	0.1844554504521357
0.18200186108103159	0.18023470312255555	0.18378785107905304
0.18134134542496524	0.17958152458933085	0.1831268181846132
0.180681832817532	0.17892385921053927	0.18246123887520263
0.18002332021692288	0.1782726650928147	0.181802203090394
0.1793658045951447	0.17761699479454782	0.18113863152923784
0.17870928293793667	0.17696232170134737	0.1804760634332099
0.178053752244687	0.1763140860414476	0.1798200046781955
0.1773992095283512	0.17566139013625012	0.1791594260384808
0.17674565181537016	0.17500968251398707	0.17849984174132716
0.1760930761455888	0.1743643788420628	0.1778467329516237
0.17544147957217623	0.1737146307592989	0.17718912006326126
0.17479085916154552	0.17307126452461613	0.17653796034952593
0.17414121199327431	0.17242346436525333	0.17588230698834825
0.1734925351600266	0.17177663789545802	0.17522763304279604
0.17284482576747445	0.17113616035369886	0.1745793790096839
0.1721980809342203	0.1704912645558158	0.1739266469410572
0.17155229779172043	0.1698473338443977	0.17327488548471962
0.17090747348420846	0.16920971947220179	0.17262951101482157
0.1702636051686194	0.16856770241403124	0.17197967401785996
0.16962069001451477	0.1679319801807053	0.17133620227118315
0.1689787252040078	0.1672918655729164	0.1706882782650251
0.16833770793168906	0.1666527019773784	0.17004131046311555
0.16769763540455337	0.1660198011587708	0.16940067553443142
0.16705850484192653	0.16538252337389087	0.16875560368409345
0.16642031347539285	0.16475148720723928	0.16811684333175378
0.16578305854872308	0.16411608427882285	0.16747365621246885
0.16514673731780333	0.1634816186008461	0.1668314112010417
0.16451134705056386	0.16285336302090073	0.16619544584604337
0.16387688502690875	0.1622207559278702	0.16555506889344426
0.16324334853864617	0.16158907796997676	0.16491562573197255
0.16261073488941896	0.16096357890058183	0.16428243070055704
0.16197904139463565	0.16033374347217907	0.16364483914074926
0.16134826538140218	0.15971006632491985	0.16301347489518286
0.1607184041884543	0.15908206285528415	0.16237772409821594
0.1600894551660896	0.15845497524073862	0.1617428934755149
0.1594614156761013	0.1578340152053168	0.16111425915554534
0.15883428309171146	0.1572087438459504	0.16048125318823572
0.158208054797505	0.15658438050912635	0.1598491593594783
0.15758272818936458	0.15596611434823646	0.15922323112507109
0.15695830067440544	0.15534355176955011	0.1585929460492182
0.15633476967091076	0.15472706628982327	0.15796880628988244
0.15571213260826783	0.1541062942651514	0.15734031949188204
0.15509038692690447	0.1534864174435415	0.15671273167258415
0.15446953007822564	0.15287258780601815	0.1560912589566717
0.15384955952455107	0.15225448637789535	0.15546545384607785
0.15323047273905283	0.1516424123781148	0.15484574388680353
0.1526122672056937	0.15102607636031237	0.1542217112284934
0.15199494041916542	0.1504106230036866	0.1535985646636984
0.15137848988482838	0.1498011676373547	0.15298148352058502
0.15076291311865075	0.14918746485791123	0.15236009416247354
0.15014820764714823	0.14857463734054052	0.151739583291034
0.14953437100732503	0.1479677786562967	0.15112510839639115
0.14892140074661417	0.14735668707528324	0.15050633967569366
0.14830929442281862	0.146751545070151	0.14989358748510778
0.14769804960405344	0.14614217978363667	0.14927655099534623
0.14708766386868735	0.14553367764611003	0.1486603805299664
0.14647813480528515	0.1449310963864634	0.14805019761522736
0.14586946001255088	0.14432430621612183	0.1474357446333589
0.14526163709927095	0.14371837204758742	0.14682215031693485
0.1446546636842575	0.14311833032947682	0.14621451484584808
0.14404853739629278	0.14251409398504247	0.1456026234463767
0.14344325587407347	0.14191573131394947	0.14499667193214597
0.14283881676615526	0.14131318347874183	0.1443864738508265
0.14223521773089837	0.14071147994305727	0.14377712237594853
0.14163245643641303	0.14011562209563277	0.14317368252918802
0.1410305305605052	0.13951559322656928	0.14256601010012707
0.1404294377906232	0.13892139155981845	0.14196423063399413
0.13982917582380416	0.1383230282399457	0.14135822784494695
0.13922974236662136	0.13772549776535167	0.14075305984580141
0.1386311351351312	0.1371337669403069	0.14015375699030533
0.13803335185482155	0.13653788846504664	0.13955024464448681
0.13743639026055945	0.13594283607519186	0.13894756010821588
0.13684024809653975	0.1353535560369556	0.13835071315432249
0.13624492311623407	0.13476014226873362	0.13774967045215755
0.13565041308233997	0.13417248281844862	0.13715444712508382
0.1350567157667302	0.1335806988599847	0.13655503714844275
0.13446382895040315	0.13298972991656208	0.13595644353820843
0.13387175042343266	0.1324044884099914	0.13536364216369812
0.1332804779849186	0.13181513617963525	0.13476666773219337
0.13269000944293807	0.131226592430253	0.13417050290565205
0.13210034261449652	0.13064374948241325	0.13358010342412774
0.13151147532547902	0.1300568095147435	0.13298554438923527
0.13092340541060263	0.12947555275113104	0.13239673293338783
0.13033613071336853	0.1288902080467435	0.131803770865012
0.1297496490860141	0.1283056611216307	0.13121160731456563
0.1291639583894665	0.12772677116741152	0.13062516485914855
0.12857905649329546	0.12714380684424592	0.1300345851479277
0.12799494127566666	0.1265664821592453	0.1294497090334424
0.12741161062329584	0.12598509209717096	0.12886070450671339
0.1268290624314029	0.12540448933575818	0.12827248762495158
0.12624729460366615	0.12482950037266068	0.12768994825343633
0.1256663050521771	0.12425045947451624	0.12710329368103823
0.12508609169739562	0.12367219969130325	0.12651742032639535
0.12450665246810522	0.12309952809855083	0.12593719862986805
0.12392798530136852	0.12252281793598171	0.12535287485725685
0.1233500881424835	0.1219516790428896	0.12477418566039489
0.12277295894493954	0.12137651043555125	0.12419140307738742
0.12219659567037383	0.1208021128105787	0.12360939116871604
0.1216209962885284	0.12023326122698413	0.12303298836705127
0.12104615877720716	0.11966039316831298	0.12245250516099818
0.12047208112223297	0.11908829011013708	0.12187278639519558
0.11989876131740583	0.11852170808929688	0.12129865149370885
0.11932619736446047	0.11795112275800305	0.12072044908436685
0.11875438727302444	0.11738604194071835	0.1201478138581668
0.11818332906057694	0.11681696653625241	0.11957111966281182
0.11761302075240747	0.11624864633308427	0.11899517967829877
0.11704346038157455	0.11568580600674758	0.11842478200408417
0.11647464598886552	0.11511898413556465	0.1178503381163486
0.1159065756227558	0.11455291168034311	0.11727664238934073
0.11533924733936861	0.11399229468128934	0.11670846431788347
0.1147726592024354	0.11342770910745018	0.1161362527045498
0.11420680928325598	0.1128685628507113	0.1155695424526553
0.11364169566065918	0.11230545661420714	0.11499880704852818
0.11307731642096353	0.11174309031609993	0.11442880987472223
0.11251366965793878	0.11118613926903487	0.11386428976447976
0.11195075347276694	0.11062524109381086	0.11329575703468794
0.11138856597400389	0.11006974226417714	0.112732685309296
0.11082710527754154	0.10951030482334141	0.11216560926186372
0.11026636950656969	0.10895159803876438	0.11159926169377711
0.10970635679153833	0.10839826688098761	0.11103835118122504
0.1091470652701205	0.10784100984758709	0.11047344874147394
0.10858849308717504	0.10728447799025956	0.10990926901107001
0.1080306383947094	0.1067332982459953	0.10935050259317605
0.10747349935184342	0.10617820529320408	0.10878775656065544
0.10691707412477257	0.10562844891194077	0.10823040814679125
0.10636136088673166	0.10507478771759578	0.10766908826981131
0.10580635781795919	0.10452184272172034	0.10710848162671444
0.10525206310566139	0.10397421111964499	0.10655324919609446
0.10469847494397654	0.10342268725952884	0.10599405747865483
0.10414559153394	0.10287187429765862	0.1054355733862703
0.10359341108344901	0.10232635175033003	0.10488244029883731
0.10304193180722758	0.10177694943394869	0.10432536001949112
0.10249115192679227	0.10123282234281175	0.10377361540382382
0.10194106967041762	0.10068482376084967	0.10321793160328949
0.10139168327310166	0.10013752739479774	0.10266294621380104
0.10084299097653246	0.09959548360007815	0.10211327360557323
0.10029499102905397	0.09904958069556688	0.10155967377241853
0.09974768168563267	0.09850891538755019	0.10101137159329333
0.09920106120782399	0.09796439917697519	0.10045915010666809
0.09865512786373948	0.09742057668021532	0.0999076179733912
0.09810987992801379	0.09688196944501648	0.09936136092969937
0.09756531568177168	0.09633952358299532	0.09881119640413392
0.09702143341259596	0.09579776641601631	0.09826171586710514
0.09647823141449492	0.09526120236420337	0.09771748804273277
0.09593570798787014	0.09472081189939387	0.09716936448174857
0.09539386143948479	0.09418559990951682	0.0966264788389887
0.09485269008243193	0.09364656960402101	0.09607970523440786
0.09431219223610264	0.09310821977383431	0.09553360679955729
0.09377236622615523	0.09257502658145816	0.09499272421283363
0.09323321038448378	0.0920380271864124	0.0944479652760138
0.09269472304918716	0.09150170341537057	0.09390387628335736
0.0921569025645386	0.09097051462789968	0.09336498124966026
0.09161974728095496	0.0904355316915362	0.09282222139757006
0.09108325555496619	0.08990566942309418	0.09228464103110721
0.09054742574918555	0.08937202099813327	0.09174320347901091
0.09001225623227943	0.08883904025330572	0.09120242727723275
0.08947774537893734	0.08831115882232822	0.09066680896790318
0.08894389156984268	0.08777950319243082	0.09012734487147502
0.08841069319164313	0.08725293275874875	0.0895930243889926
0.08787814863692137	0.08672259605552107	0.08905486566352347
0.0873462563041659	0.08619291925818383	0.08851735982792365
0.0868150145977424	0.08566830659776985	0.08798497630243148
0.08628442192786492	0.08513993953235074	0.08744876579929822
0.08575447671056712	0.08461222778642852	0.08691320316867168
0.08522517736767421	0.08408955929262273	0.08638274171484583
0.08469652232677462	0.0835631482040563	0.08584846446867443
0.08416851002119183	0.083041766559654	0.08531927442344958
0.08364113888995676	0.08251665015351264	0.08478627598790273
0.08311440737778003	0.08199218156064617	0.08425391716610978
0.08258831393502417	0.08147272181383083	0.08372662469078147
0.08206285701767663	0.08094953902780802	0.08319553487675481
0.08153803508732248	0.08042699962857214	0.08266507977574282
0.08101384661111713	0.07990944864710686	0.08213967033097322
0.08049029006175988	0.07938818629802989	0.08161047451858884
0.07996736391746698	0.07887189886019332	0.081086310678094
0.079445066661945	0.07835190779739518	0.08055836772905728
0.07892339678436472	0.07783255288032477	0.08003105142089724
0.07840235277933479	0.07731815272550456	0.0795087466628043
0.07788193314687543	0.07680006053551573	0.07898267363241601
0.07736213639239294	0.07628260022347949	0.07845722244946847
0.07684296102665365	0.075770074690312	0.07793676255276769
0.07632440556575851	0.075253868664584	0.07741254513854014
0.07580646853111735	0.07474258420513068	0.07689330560660447
0.07528914844942389	0.07422762691205592	0.07637031567158896
0.07477244385263056	0.07371329451999921	0.07584793968242123
0.07425635327792321	0.07320386398349794	0.07533052156966799
0.07374087526769665	0.07269077208081319	0.07480936367174808
0.07322600836952978	0.07218256900134075	0.07429315041581884
0.07271175113616082	0.07167071216608852	0.07377320439750032
0.07219810212546336	0.07115947342040786	0.07325386452124216
0.07168505990042177	0.0706531040561677	0.07273944953242728
0.07117262302910703	0.07014309233304121	0.07222131226048872
0.07066079008465301	0.06963369469026551	0.07170377648970104
0.0701495596452325	0.06912914714699338	0.07119114599946759
0.06963893029403338	0.06862096860178224	0.0706748036210752
0.0691289006192353	0.06811762740742802	0.07016335355084541
0.06861946921398618	0.06761066275068757	0.0696481984655781
0.0681106346763787	0.0671043056302849	0.06913363721882287
0.06760239560942755	0.06660276684263217	0.06862394891381604
0.06709475062104618	0.06609761588736171	0.06811056584615534
0.0665876983240238	0.0655930686212883	0.06759777205471522
0.06608123733600295	0.06509332082695754	0.06708983197961103
0.06557536627945668	0.06458997212527887	0.06657820730711188
0.06507008378166616	0.06409141042554602	0.06607142362876031
0.06456538847469816	0.0635892552968586	0.06556096207145773
0.06406127899538307	0.0630876975868818	0.06505108224770072
0.06355775398529272	0.06259090827775296	0.06454602442174277
0.06305481209071823	0.06209053674767324	0.06403729873391814
0.06255245196264851	0.06159492132105233	0.06353338247172051
0.06205067225674835	0.06109573111940006	0.06302580496601427
0.06154947163333673	0.06059713224181022	0.0625188017138695
0.061048848757365604	0.0601032711247851	0.062016589112505315
0.060548802298398506	0.05960584639568772	0.06151072513196632
0.06004933093058907	0.05910900941843311	0.061005430940189585
0.05955043333266032	0.05861689201332618	0.060504908753498204
0.059052108187883555	0.058121222135936526	0.060000744957643626
0.05855435418405726	0.05763025980752346	0.05950134082385341
0.05805717001348675	0.05713575241173263	0.05899830153175833
0.05756055437296344	0.056641826966184285	0.0584958246258232
0.05706450596374406	0.05615259113818539	0.05799808894461897
0.05656902349153072	0.05565982135126849	0.057496727712798235
0.05607410566645043	0.055167630123808466	0.05699592443922745
0.05557975120303479	0.05468011073688788	0.056499844073819604
0.05508595882020032	0.05418906848554761	0.05600014766440864
0.05459272724122827	0.05370268632571098	0.05550516203438326
0.054100055193744945	0.05321278868173376	0.055006566631685745
0.05360794140970183	0.05272346410917685	0.05450852182814404
0.05311638462535626	0.05223878210932185	0.05401516968077104
0.05262538358125187	0.05175059570579387	0.0535182170917574
0.052134937022198985	0.05126704029850242	0.05302594515538848
0.05164504369725577	0.050779987862696545	0.05253007892842316
0.051155702359708864	0.050293503220734864	0.05203475594767196
0.05066691176705421	0.04981163231682384	0.05154409567894456
0.05017867068097845	0.0493262754641092	0.05104985026427172
0.04969097786733993	0.048841483344020414	0.05055614367652467
0.049203832096149855	0.04836128786208574	0.05006708196404559
0.048717232141553914	0.047877617517989024	0.04957444413216414
0.04823117678181372	0.047398532516669485	0.049086439356194674
0.04774566479928815	0.046915980040916204	0.04859486440199347
0.04726069498041543	0.04643398738932745	0.048103820889288426
0.046776266115694735	0.04595656324872327	0.04761739275791514
0.04629237699966796	0.04547568274627116	0.04712740326564419
0.04580902643090201	0.04499535924333402	0.046637940757501294
0.045326213211970764	0.044519587584068473	0.046153076046168494
0.04484393614943711	0.04404037070105534	0.045664658656879006
0.04436219405383556	0.043565694658503525	0.04518082740461748
0.043880985739654446	0.04308758082561386	0.04469344917666193
0.043400310025318516	0.04261001950851448	0.04420659044744
0.04292016573317131	0.042136982646523644	0.04372430040660384
0.04244055168945817	0.04166051919449472	0.04323847183132804
0.041961466724308866	0.04118856938613129	0.04275720036853799
0.04148290967172032	0.04071320047184033	0.042272395904151355
0.04100487936953987	0.04023837989449538	0.04178810334537515
0.04052737465944824	0.03976805687076706	0.041308350565444026
0.04005039438694245	0.03929432603324942	0.04082507295615823
0.03957393740131949	0.038821141186986985	0.04034230262396354
0.03909800255565939	0.038352437990032136	0.03986405479401129
0.038622588706808625	0.037880338343817335	0.039382290129287005
0.03814769471536381	0.037412709865667235	0.038905036491572884
0.037673319445655315	0.03694169255167383	0.038424271235801874
0.03719946176573067	0.03647121762800062	0.037944005392686324
0.03672612054733877	0.0360051982960519	0.03746823337063098
0.03625329466591357	0.03553580164868712	0.0369889573956541
0.035780983000557876	0.03506694543572914	0.03651017599588874
0.03530918443402773	0.0346025294491391	0.036035871236145905
0.03483789785271642	0.0341347477866182	0.0355580699664355
0.034367122146638514	0.033671396244617846	0.035084733904774935
0.0338968562094145	0.03320468685278486	0.03460790615417066
0.03342709893825502	0.03273851503428816	0.034131564670520954
0.03295784923394536	0.03227675835347646	0.03365967121873285
0.03248910600082992	0.0318116557139933	0.033184293099264656
0.0320208681467971	0.0313470892032111	0.03270939607268492
0.0315531345832639	0.030886923100692062	0.03223892987763498
0.031085904225160596	0.030423423121072383	0.031764985744732015
0.030619175990915917	0.02996431389532399	0.0312954609668239
0.03015294880244189	0.029501878958923283	0.030822462552444484
0.029687221585118745	0.029039978286790277	0.030349936211992612
0.02922199326778034	0.028582454114444742	0.02988181192740491
0.02875726278269925	0.028121616714894604	0.029410220167723995
0.028293029065571903	0.027665146504512555	0.02894301889207738
0.02782929105550424	0.02720537154341079	0.02847235402249346
0.027366047694997054	0.026746129805477224	0.028002151558275023
0.026903297929931343	0.02629124156882163	0.027536322082740594
0.02644104070955422	0.025833061606621778	0.02706703446845523
0.025979274986464466	0.025375414730314204	0.026598203049351555
0.025517999716598117	0.024922108067320294	0.026133726942673165
0.025057213859214614	0.024465523119003536	0.025665797639648436
0.02459691637688257	0.024013269788266924	0.025202211751030792
0.024137106235465576	0.023557747392322595	0.02473517563014134
0.023677782404108606	0.02310275887909838	0.02426858446835969
0.023218943855223908	0.022652089502438806	0.023806318597554943
0.022760589564477338	0.02219816539767521	0.023340606378840834
0.022302718510774425	0.02174477641711935	0.02287533168988555
0.021845329676247027	0.021295694691397145	0.0224143637821978
0.021388422046239614	0.020843373277710558	0.02194995261215169
0.020931994609295585	0.02039535159805059	0.021489835628461143
0.020476046357144166	0.01994410071357207	0.021026276913480347
0.020020576284686887	0.019493388699659057	0.02056314180403633
0.019565583389984115	0.019046965818294227	0.020104281440933933
0.019111066674242165	0.01859733033988271	0.019641980706520134
0.018657025141799965	0.018151977481454716	0.019183941346269603
0.018203457800115834	0.0177034237695629	0.018722461780851202
0.01775036365975477	0.01725541554048828	0.018261389189760075
0.01729774173437533	0.016811681151097546	0.017804557055622165
0.016845591040716614	0.016364764831917903	0.017344283604421553
0.016393910598585748	0.015918399890851757	0.01688440529248256
0.015942699430844965	0.015476301509957274	0.016428745223193698
0.015491956563398794	0.015031042069797515	0.015969640685394824
0.015041681025181742	0.014590045396326289	0.015514738660489557
0.01459187184814557	0.014145902936366998	0.015056388639500706
0.01414252806724668	0.013702326377638858	0.01459840946316539
0.013693648720433977	0.013263008934867803	0.014144607291344057
0.013245232848636318	0.012820571345956497	0.013687349049272168
0.012797279495750316	0.012378712430795604	0.01323044308565427
0.0123497877086279	0.011941112249853817	0.012777685547393426
0.011902756537064466	0.011500421894225399	0.012321459442717031
0.011456185033786594	0.011063992476888768	0.01186936038786356
0.01101007225443988	0.010624496107047991	0.011413781128304734
0.010564417257577235	0.01018561067744365	0.01095851234850347
0.010119219104646828	0.009750994684516939	0.010507333484951406
0.009674476859980066	0.009313353544079655	0.010052649937026344
0.009230189590780102	0.008879992288304684	0.009602026900889146
0.008786356367109937	0.008443640132789376	0.009147876417235383
0.00834297626188061	0.008007955873632011	0.008693970070374389
0.007900048350839855	0.00757657811463342	0.008244069304747184
0.007457571712560409	0.007142275622446306	0.007790592102049048
0.007015545428428353	0.006708698217257502	0.007337296278640972
0.0065739685826319725	0.006279475184334072	0.0068879300387062106
0.006132840262150217	0.005847422564256237	0.006434909304163413
0.005692159556741231	0.005419776327445641	0.005985747521626432
0.005251925558931382	0.004989391787980392	0.005532851287341016
0.004812137364003892	0.0045599183702534005	0.0050799412351124895
0.004372794069987544	0.004134987421284304	0.004630726233352901
0.00393389477764587	0.0037075383516720606	0.0041775735376350254
0.0034954385904659166	0.003281251541843641	0.003724150447110588
0.0030574246146473517	0.0028598026486373407	0.0032740993212495347
0.0026198519590913396	0.0024362996294955133	0.002819663348469666
0.0021827197353899547	0.00201807310201777	0.0023681424515352933
0.0017460270578152142	0.001598516467627231	0.0019115238199560536
0.0013097730433081628	0.001181867303720034	0.0014528805178142701
0.0008739568114684515	0.0007729315134020703	0.0009946877899776913
0.00043857748454352943	0.0003683807751774839	0.0005256976090976402
3.6341874178941316e-06	8.802412784640757e-07	2.02485657491921e-05
